PID,WEIGHT,TIMESLICE(MS),RUNTIME(NS),ACTUALTIME(NS),TICK,STARTTIME(NS)
16115,4,13,3297338988,88458177008019,267,88454879669031
16116,5,34,3170442048,88458050008002,266,88454879565954
16117,1,81,3680648369,88458560008061,269,88454879359692
16118,2,14,3551546057,88458431008083,266,88454879462026
16119,3,2,3385831286,88458265008117,268,88454879176831
16120,6,33,2944929752,88457824008041,267,88454879078289
16121,7,14,2797746616,88457677008099,266,88454879261483
16122,8,53,2652156501,88457531007989,267,88454878851488
16123,10,33,2344063222,88457223018544,267,88454878955322
16124,9,89,2625262778,88457504008328,271,88454878745550
16127,1,100,3680648369,88458560008061,269,88454879359692
